Sara,Saric,1,s,19th street,female,s
Stefan,Stefanovic,2,stef@gmail.com,8th street,male,stefan
Nemanja,Nenadovic,3,nemanja@gmail.com,5th street,male,nemanje
Nenad,Popov,4,nenad@gmail.com,1st street,male,nenadp
Milica,Divac,5,mil@gmail.com,3rd street,female,milicdiv
Dimitrije,Dimitrijevic,6,dim@gmail.com,6th street,male,dimdim
Jelena,Markovic,7,jelmark@gmail.com,22nd street,female,jelena
Aleksandra,Maric,8,al@gmail.com,5th street,female,aleksmar

